i) Weighted Moving average,,,,,,,,,,,,,,,,,,,,,,,,,,,,,,,,,,,,,,,,,,,,,
Bank of America,,,,,Catterpillar,,,,,,,,,,,,,,,,,,,,,,,,,,,,,,,,,,,,,,,,
Date,Period,Close Price,Forecast BAC,Absolute error,Date,Close,Forecast CAT,Absolute error,,,,,,,,,,,,,,,,,,,,,,,,,,,,,,,,,,,,,
6/14/2021,1,41.360001,,,6/14/2021,219.009995,,,,,,,,,,,,,,,,,,,,,,,,,,,,,,,,,,,,,,,
6/15/2021,2,41.389999,,,6/15/2021,219.460007,,,,,,,,,,,,,,,,,,,,,,,,,,,,,,,,,,,,,,,
6/16/2021,3,41.619999,41.499,0.291,6/16/2021,217.160004,218.220,0.4881,,,,,,,,,,,,,,,,,,,,,,,,,,,,,,,,,,,,,
6/17/2021,4,39.799999,40.664,2.171,6/17/2021,209.449997,213.765,2.0602,,,,,,,,,,,,,,,,,,,,,,,,,,,,,,,,,,,,,
6/18/2021,5,38.779999,39.654,2.254,6/18/2021,208.860001,210.697,0.8795,,,,,,,,,,,,,,,,,,,,,,,,,,,,,,,,,,,,,
6/21/2021,6,39.75,39.469,0.707,6/21/2021,213.210007,211.153,0.9648,,,,,,,,,,,,,,,,,,,,,,,,,,,,,,,,,,,,,
6/22/2021,7,39.970001,39.666,0.761,6/22/2021,213.130005,212.300,0.3894,,,,,,,,,,,,,,,,,,,,,,,,,,,,,,,,,,,,,
6/23/2021,8,40.200001,40.041,0.396,6/23/2021,213.789993,213.476,0.1469,,,,,,,,,,,,,,,,,,,,,,,,,,,,,,,,,,,,,
6/24/2021,9,40.830002,40.469,0.884,6/24/2021,219.339996,216.433,1.3253,,,,,,,,,,,,,,,,,,,,,,,,,,,,,,,,,,,,,
6/25/2021,10,41.619999,41.099,1.252,6/25/2021,216.309998,216.715,0.1872,,,,,,,,,,,,,,,,,,,,,,,,,,,,,,,,,,,,,
6/28/2021,11,41.560001,41.432,0.308,6/28/2021,216.270004,216.896,0.2895,,,,,,,,,,,,,,,,,,,,,,,,,,,,,,,,,,,,,
6/29/2021,12,40.889999,41.237,0.849,6/29/2021,215.100006,215.693,0.2757,,,,,,,,,,,,,,,,,,,,,,,,,,,,,,,,,,,,,
6/30/2021,13,41.23,41.194,0.087,6/30/2021,217.630005,216.599,0.4737,,,,,,,,,,,,,,,,,,,,,,,,,,,,,,,,,,,,,
7/1/2021,14,41.540001,41.317,0.537,7/1/2021,216.710007,216.664,0.0212,,,,,,,,,,,,,,,,,,,,,,,,,,,,,,,,,,,,,
7/2/2021,15,41.150002,41.283,0.323,7/2/2021,217.759995,217.419,0.1566,,,,,,,,,,,,,,,,,,,,,,,,,,,,,,,,,,,,,
7/6/2021,16,40.07,40.688,1.542,7/6/2021,213.520004,215.430,0.8945,,,,,,,,,,,,,,,,,,,,,,,,,,,,,,,,,,,,,
7/7/2021,17,39.75,40.126,0.946,7/7/2021,214.690002,214.953,0.1225,,,,,,,,,,,,,,,,,,,,,,,,,,,,,,,,,,,,,
7/8/2021,18,38.779999,39.329,1.416,7/8/2021,212.110001,213.166,0.4979,,,,,,,,,,,,,,,,,,,,,,,,,,,,,,,,,,,,,
7/9/2021,19,40.040001,39.604,1.089,7/9/2021,217.419998,215.281,0.9838,,,,,,,,,,,,,,,,,,,,,,,,,,,,,,,,,,,,,
7/12/2021,20,40.630001,40.083,1.346,7/12/2021,218.580002,216.938,0.7512,,,,,,,,,,,,,,,,,,,,,,,,,,,,,,,,,,,,,
7/13/2021,21,39.860001,40.127,0.670,7/13/2021,215.190002,216.653,0.6799,,,,,,,,,,,,,,,,,,,,,,,,,,,,,,,,,,,,,
7/14/2021,22,38.860001,39.514,1.683,7/14/2021,211.639999,214.093,1.1590,,,,,,,,,,,,,,,,,,,,,,,,,,,,,,,,,,,,,
7/15/2021,23,38.830002,39.045,0.554,7/15/2021,211.410004,212.235,0.3902,,,,,,,,,,,,,,,,,,,,,,,,,,,,,,,,,,,,,
7/16/2021,24,37.919998,38.381,1.216,7/16/2021,207.949997,209.726,0.8541,,,,,,,,,,,,,,,,,,,,,,,,,,,,,,,,,,,,,
7/19/2021,25,36.93,37.607,1.833,7/19/2021,203.080002,206.207,1.5398,,,,,,,,,,,,,,,,,,,,,,,,,,,,,,,,,,,,,
7/20/2021,26,37.689999,37.508,0.483,7/20/2021,207.960007,206.494,0.7049,,,,,,,,,,,,,,,,,,,,,,,,,,,,,,,,,,,,,
7/21/2021,27,38.459999,37.923,1.396,7/21/2021,210.729996,208.369,1.1204,,,,,,,,,,,,,,,,,,,,,,,,,,,,,,,,,,,,,
7/22/2021,28,37.959999,38.056,0.253,7/22/2021,209.160004,209.391,0.1104,,,,,,,,,,,,,,,,,,,,,,,,,,,,,,,,,,,,,
7/23/2021,29,37.700001,37.930,0.610,7/23/2021,209.529999,209.659,0.0616,,,,,,,,,,,,,,,,,,,,,,,,,,,,,,,,,,,,,
7/26/2021,30,38.130001,37.967,0.427,7/26/2021,211.029999,210.206,0.3905,,,,,,,,,,,,,,,,,,,,,,,,,,,,,,,,,,,,,
7/27/2021,31,37.98,37.969,0.029,7/27/2021,209.899994,210.165,0.1263,,,,,,,,,,,,,,,,,,,,,,,,,,,,,,,,,,,,,
7/28/2021,32,38.130001,38.085,0.118,7/28/2021,211.440002,210.896,0.2573,,,,,,,,,,,,,,,,,,,,,,,,,,,,,,,,,,,,,
7/29/2021,33,38.68,38.375,0.789,7/29/2021,212.559998,211.692,0.4084,,,,,,,,,,,,,,,,,,,,,,,,,,,,,,,,,,,,,
7/30/2021,34,38.360001,38.410,0.130,7/30/2021,206.75,209.431,1.2967,,,,,,,,,,,,,,,,,,,,,,,,,,,,,,,,,,,,,
8/2/2021,35,37.959999,38.224,0.695,8/2/2021,205.160004,207.117,0.9539,,,,,,,,,,,,,,,,,,,,,,,,,,,,,,,,,,,,,
8/3/2021,36,38.549999,38.335,0.558,8/3/2021,208.5,207.148,0.6484,,,,,,,,,,,,,,,,,,,,,,,,,,,,,,,,,,,,,
8/4/2021,37,38.27,38.292,0.057,8/4/2021,204.520004,205.842,0.6464,,,,,,,,,,,,,,,,,,,,,,,,,,,,,,,,,,,,,
8/5/2021,38,39.02,38.701,0.818,8/5/2021,207.190002,206.651,0.2601,,,,,,,,,,,,,,,,,,,,,,,,,,,,,,,,,,,,,
8/6/2021,39,40.150002,39.435,1.781,8/6/2021,208.350006,207.236,0.5347,,,,,,,,,,,,,,,,,,,,,,,,,,,,,,,,,,,,,
8/9/2021,40,40.669998,40.184,1.195,8/9/2021,208.889999,208.388,0.2403,,,,,,,,,,,,,,,,,,,,,,,,,,,,,,,,,,,,,
8/10/2021,41,41.43,40.946,1.168,8/10/2021,214.070007,211.372,1.2603,,,,,,,,,,,,,,,,,,,,,,,,,,,,,,,,,,,,,
8/11/2021,42,41.950001,41.538,0.982,8/11/2021,221.660004,216.829,2.1795,,,,,,,,,,,,,,,,,,,,,,,,,,,,,,,,,,,,,
8/12/2021,43,42.150002,41.946,0.484,8/12/2021,220.240005,219.432,0.3669,,,,,,,,,,,,,,,,,,,,,,,,,,,,,,,,,,,,,
8/13/2021,44,41.630001,41.850,0.528,8/13/2021,218.570007,219.689,0.5120,,,,,,,,,,,,,,,,,,,,,,,,,,,,,,,,,,,,,
8/16/2021,45,41.290001,41.564,0.664,8/16/2021,217.710007,218.474,0.3509,,,,,,,,,,,,,,,,,,,,,,,,,,,,,,,,,,,,,
8/17/2021,46,41.09,41.258,0.409,8/17/2021,213.440002,215.747,1.0809,,,,,,,,,,,,,,,,,,,,,,,,,,,,,,,,,,,,,
8/18/2021,47,40.790001,40.980,0.466,8/18/2021,209.809998,212.479,1.2721,,,,,,,,,,,,,,,,,,,,,,,,,,,,,,,,,,,,,
8/19/2021,48,40.189999,40.550,0.896,8/19/2021,204.449997,207.856,1.6659,,,,,,,,,,,,,,,,,,,,,,,,,,,,,,,,,,,,,
8/20/2021,49,40.369999,40.400,0.074,8/20/2021,204.940002,205.767,0.4035,,,,,,,,,,,,,,,,,,,,,,,,,,,,,,,,,,,,,
8/23/2021,50,40.91,40.604,0.748,8/23/2021,209.139999,206.942,1.0510,,,,,,,,,,,,,,,,,,,,,,,,,,,,,,,,,,,,,
8/24/2021,51,41.48,41.087,0.947,8/24/2021,212.589996,210.025,1.2065,,,,,,,,,,,,,,,,,,,,,,,,,,,,,,,,,,,,,
8/25/2021,52,42.150002,41.701,1.065,8/25/2021,214.759995,212.985,0.8265,,,,,,,,,,,,,,,,,,,,,,,,,,,,,,,,,,,,,
8/26/2021,53,42.040001,41.961,0.188,8/26/2021,211.240005,212.566,0.6277,,,,,,,,,,,,,,,,,,,,,,,,,,,,,,,,,,,,,
8/27/2021,54,42.490002,42.287,0.478,8/27/2021,212.830002,212.739,0.0428,,,,,,,,,,,,,,,,,,,,,,,,,,,,,,,,,,,,,
8/30/2021,55,41.66,41.985,0.780,8/30/2021,211.449997,211.822,0.1759,,,,,,,,,,,,,,,,,,,,,,,,,,,,,,,,,,,,,
8/31/2021,56,41.75,41.871,0.290,8/31/2021,210.869995,211.436,0.2684,,,,,,,,,,,,,,,,,,,,,,,,,,,,,,,,,,,,,
9/1/2021,57,41.189999,41.452,0.636,9/1/2021,207.960007,209.531,0.7554,,,,,,,,,,,,,,,,,,,,,,,,,,,,,,,,,,,,,
9/2/2021,58,41.02,41.217,0.480,9/2/2021,211.779999,210.452,0.6271,,,,,,,,,,,,,,,,,,,,,,,,,,,,,,,,,,,,,
9/3/2021,59,41.049999,41.069,0.046,9/3/2021,210.369995,210.311,0.0280,,,,,,,,,,,,,,,,,,,,,,,,,,,,,,,,,,,,,
9/7/2021,60,41.32,41.179,0.341,9/7/2021,208.229996,209.582,0.6493,,,,,,,,,,,,,,,,,,,,,,,,,,,,,,,,,,,,,
9/8/2021,61,40.779999,40.996,0.530,9/8/2021,206.770004,207.928,0.5600,,,,,,,,,,,,,,,,,,,,,,,,,,,,,,,,,,,,,
9/9/2021,62,40.93,40.963,0.081,9/9/2021,205.419998,206.387,0.4707,,,,,,,,,,,,,,,,,,,,,,,,,,,,,,,,,,,,,
9/10/2021,63,40.27,40.570,0.745,9/10/2021,205.009995,205.485,0.2317,,,,,,,,,,,,,,,,,,,,,,,,,,,,,,,,,,,,,
9/13/2021,64,40.939999,40.737,0.496,9/13/2021,206.199997,205.687,0.2488,,,,,,,,,,,,,,,,,,,,,,,,,,,,,,,,,,,,,
9/14/2021,65,39.84,40.256,1.044,9/14/2021,202.330002,204.027,0.8387,,,,,,,,,,,,,,,,,,,,,,,,,,,,,,,,,,,,,
9/15/2021,66,40.139999,40.210,0.174,9/15/2021,205.729996,204.804,0.4501,,,,,,,,,,,,,,,,,,,,,,,,,,,,,,,,,,,,,
9/16/2021,67,40.450001,40.235,0.532,9/16/2021,203.600006,203.985,0.1891,,,,,,,,,,,,,,,,,,,,,,,,,,,,,,,,,,,,,
9/17/2021,68,40.5,40.413,0.215,9/17/2021,199.75,202.101,1.1770,,,,,,,,,,,,,,,,,,,,,,,,,,,,,,,,,,,,,
9/20/2021,69,39.110001,39.795,1.751,9/20/2021,190.820007,196.055,2.7434,,,,,,,,,,,,,,,,,,,,,,,,,,,,,,,,,,,,,
9/21/2021,70,39.130001,39.398,0.685,9/21/2021,189.839996,192.116,1.1989,,,,,,,,,,,,,,,,,,,,,,,,,,,,,,,,,,,,,
9/22/2021,71,40.139999,39.631,1.268,9/22/2021,191.350006,190.791,0.2921,,,,,,,,,,,,,,,,,,,,,,,,,,,,,,,,,,,,,
9/23/2021,72,41.689999,40.713,2.343,9/23/2021,196.619995,193.683,1.4937,,,,,,,,,,,,,,,,,,,,,,,,,,,,,,,,,,,,,
9/24/2021,73,42.139999,41.605,1.270,9/24/2021,196.820007,195.666,0.5863,,,,,,,,,,,,,,,,,,,,,,,,,,,,,,,,,,,,,
9/27/2021,74,43.259998,42.610,1.503,9/27/2021,200,198.370,0.8150,,,,,,,,,,,,,,,,,,,,,,,,,,,,,,,,,,,,,
9/28/2021,75,43.16,42.986,0.403,9/28/2021,200.550003,199.639,0.4543,,,,,,,,,,,,,,,,,,,,,,,,,,,,,,,,,,,,,
9/29/2021,76,43.07,43.135,0.151,9/29/2021,197.869995,199.100,0.6216,,,,,,,,,,,,,,,,,,,,,,,,,,,,,,,,,,,,,
9/30/2021,77,42.450001,42.778,0.773,9/30/2021,191.970001,195.456,1.8159,,,,,,,,,,,,,,,,,,,,,,,,,,,,,,,,,,,,,
10/1/2021,78,43.080002,42.889,0.443,10/1/2021,194.330002,194.330,0.0000,,,,,,,,,,,,,,,,,,,,,,,,,,,,,,,,,,,,,
10/4/2021,79,43.34,43.084,0.591,10/4/2021,193.130005,193.258,0.0663,,,,,,,,,,,,,,,,,,,,,,,,,,,,,,,,,,,,,
10/5/2021,80,44.220001,43.728,1.113,10/5/2021,192.5,193.055,0.2883,,,,,,,,,,,,,,,,,,,,,,,,,,,,,,,,,,,,,
10/6/2021,81,44.240002,44.054,0.420,10/6/2021,191.860001,192.306,0.2325,,,,,,,,,,,,,,,,,,,,,,,,,,,,,,,,,,,,,
10/7/2021,82,44.119999,44.176,0.127,10/7/2021,195.75,193.933,0.9282,,,,,,,,,,,,,,,,,,,,,,,,,,,,,,,,,,,,,
10/8/2021,83,44.34,44.254,0.194,10/8/2021,195.160004,194.677,0.2475,,,,,,,,,,,,,,,,,,,,,,,,,,,,,,,,,,,,,
10/11/2021,84,43.779999,44.016,0.539,10/11/2021,192.889999,194.143,0.6496,,,,,,,,,,,,,,,,,,,,,,,,,,,,,,,,,,,,,
10/12/2021,85,43.540001,43.772,0.533,10/12/2021,189.919998,191.859,1.0210,,,,,,,,,,,,,,,,,,,,,,,,,,,,,,,,,,,,,
10/13/2021,86,43.139999,43.388,0.575,10/13/2021,188.940002,190.024,0.5737,,,,,,,,,,,,,,,,,,,,,,,,,,,,,,,,,,,,,
10/14/2021,87,45.07,44.185,1.964,10/14/2021,194.330002,191.831,1.2860,,,,,,,,,,,,,,,,,,,,,,,,,,,,,,,,,,,,,
10/15/2021,88,46.369999,45.334,2.234,10/15/2021,199.020004,195.597,1.7199,,,,,,,,,,,,,,,,,,,,,,,,,,,,,,,,,,,,,
10/18/2021,89,46.279999,46.065,0.465,10/18/2021,198.179993,197.662,0.2614,,,,,,,,,,,,,,,,,,,,,,,,,,,,,,,,,,,,,
10/19/2021,90,46.48,46.398,0.176,10/19/2021,201.139999,199.828,0.6523,,,,,,,,,,,,,,,,,,,,,,,,,,,,,,,,,,,,,
10/20/2021,91,47.09,46.745,0.733,10/20/2021,204.190002,202.073,1.0368,,,,,,,,,,,,,,,,,,,,,,,,,,,,,,,,,,,,,
10/21/2021,92,46.830002,46.838,0.017,10/21/2021,202.139999,202.555,0.2053,,,,,,,,,,,,,,,,,,,,,,,,,,,,,,,,,,,,,
10/22/2021,93,47.57,47.252,0.668,10/22/2021,200.649994,201.805,0.5756,,,,,,,,,,,,,,,,,,,,,,,,,,,,,,,,,,,,,
10/25/2021,94,47.509998,47.392,0.248,10/25/2021,202.210007,201.728,0.2384,,,,,,,,,,,,,,,,,,,,,,,,,,,,,,,,,,,,,
10/26/2021,95,47.959999,47.747,0.444,10/26/2021,199.639999,200.613,0.4874,,,,,,,,,,,,,,,,,,,,,,,,,,,,,,,,,,,,,
10/27/2021,96,47.040001,47.410,0.787,10/27/2021,196.130005,198.399,1.1569,,,,,,,,,,,,,,,,,,,,,,,,,,,,,,,,,,,,,
10/28/2021,97,47.779999,47.594,0.389,10/28/2021,204.089996,200.812,1.6062,,,,,,,,,,,,,,,,,,,,,,,,,,,,,,,,,,,,,
10/29/2021,98,47.779999,47.632,0.310,10/29/2021,204.009995,202.458,0.7607,,,,,,,,,,,,,,,,,,,,,,,,,,,,,,,,,,,,,
11/1/2021,99,47.849998,47.815,0.073,11/1/2021,205.380005,204.711,0.3257,,,,,,,,,,,,,,,,,,,,,,,,,,,,,,,,,,,,,
11/2/2021,100,47.880001,47.851,0.061,11/2/2021,207.119995,205.976,0.5523,,,,,,,,,,,,,,,,,,,,,,,,,,,,,,,,,,,,,
11/3/2021,101,48.369999,49.036,1.377,11/3/2021,203.550003,202.786,0.3756,,,,,,,,,,,,,,,,,,,,,,,,,,,,,,,,,,,,,
11/4/2021,102,47.330002,48.951,3.425,11/4/2021,203.589996,202.880,0.3486,,,,,,,,,,,,,,,,,,,,,,,,,,,,,,,,,,,,,
11/5/2021,103,46.970001,48.866,4.036,11/5/2021,205.880005,202.975,1.4111,,,,,,,,,,,,,,,,,,,,,,,,,,,,,,,,,,,,,
11/8/2021,104,47.34,48.780,3.043,11/8/2021,214.25,203.070,5.2184,,,,,,,,,,,,,,,,,,,,,,,,,,,,,,,,,,,,,
11/9/2021,105,46.880001,48.695,3.872,11/9/2021,209.809998,203.164,3.1675,,,,,,,,,,,,,,,,,,,,,,,,,,,,,,,,,,,,,
11/10/2021,106,47.23,48.610,2.922,11/10/2021,206.669998,203.259,1.6505,,,,,,,,,,,,,,,,,,,,,,,,,,,,,,,,,,,,,
11/11/2021,107,47.490002,48.525,2.179,11/11/2021,208.529999,203.354,2.4823,,,,,,,,,,,,,,,,,,,,,,,,,,,,,,,,,,,,,
11/12/2021,108,46.91,48.439,3.260,11/12/2021,209.270004,203.448,2.7819,,,,,,,,,,,,,,,,,,,,,,,,,,,,,,,,,,,,,
11/15/2021,109,47.049999,48.354,2.772,11/15/2021,207.710007,203.543,2.0061,,,,,,,,,,,,,,,,,,,,,,,,,,,,,,,,,,,,,
11/16/2021,110,47.080002,48.269,2.525,11/16/2021,205.429993,203.638,0.8724,,,,,,,,,,,,,,,,,,,,,,,,,,,,,,,,,,,,,
11/17/2021,111,46.509998,48.184,3.599,11/17/2021,202.979996,203.732,0.3707,,,,,,,,,,,,,,,,,,,,,,,,,,,,,,,,,,,,,
11/18/2021,112,46.32,48.098,3.840,11/18/2021,201.419998,203.827,1.1951,,,,,,,,,,,,,,,,,,,,,,,,,,,,,,,,,,,,,
11/19/2021,113,45.400002,48.013,5.756,11/19/2021,200.440002,203.922,1.7371,,,,,,,,,,,,,,,,,,,,,,,,,,,,,,,,,,,,,
11/22/2021,114,46.279999,47.928,3.561,11/22/2021,202.380005,204.017,0.8087,,,,,,,,,,,,,,,,,,,,,,,,,,,,,,,,,,,,,
11/23/2021,115,47.5,47.843,0.722,11/23/2021,205.330002,204.111,0.5935,,,,,,,,,,,,,,,,,,,,,,,,,,,,,,,,,,,,,
11/24/2021,116,47.630001,47.758,0.268,11/24/2021,207.070007,204.206,1.3831,,,,,,,,,,,,,,,,,,,,,,,,,,,,,,,,,,,,,
11/26/2021,117,45.759998,47.672,4.179,11/26/2021,198.729996,204.301,2.8031,,,,,,,,,,,,,,,,,,,,,,,,,,,,,,,,,,,,,
11/29/2021,118,45.59,47.587,4.380,11/29/2021,195.919998,204.395,4.3259,,,,,,,,,,,,,,,,,,,,,,,,,,,,,,,,,,,,,
11/30/2021,119,44.470001,47.502,6.818,11/30/2021,193.350006,204.490,5.7616,,,,,,,,,,,,,,,,,,,,,,,,,,,,,,,,,,,,,
12/1/2021,120,43.84,47.417,8.158,12/1/2021,191.470001,204.585,6.8495,,,,,,,,,,,,,,,,,,,,,,,,,,,,,,,,,,,,,
12/2/2021,121,44.889999,47.331,5.438,12/2/2021,196.789993,204.679,4.0091,,,,,,,,,,,,,,,,,,,,,,,,,,,,,,,,,,,,,
12/3/2021,122,43.869999,47.246,7.696,12/3/2021,197.800003,204.774,3.5258,,,,,,,,,,,,,,,,,,,,,,,,,,,,,,,,,,,,,
12/6/2021,123,44.150002,47.161,6.819,12/6/2021,201.279999,204.869,1.7830,,,,,,,,,,,,,,,,,,,,,,,,,,,,,,,,,,,,,
12/7/2021,124,44.709999,47.076,5.291,12/7/2021,204.490005,204.964,0.2316,,,,,,,,,,,,,,,,,,,,,,,,,,,,,,,,,,,,,
12/8/2021,125,44.16,46.990,6.409,12/8/2021,204.190002,205.058,0.4252,,,,,,,,,,,,,,,,,,,,,,,,,,,,,,,,,,,,,
12/9/2021,126,44.490002,46.905,5.428,12/9/2021,204.130005,205.153,0.5011,,,,,,,,,,,,,,,,,,,,,,,,,,,,,,,,,,,,,
12/10/2021,127,44.52,46.820,5.166,12/10/2021,203.460007,205.248,0.8786,,,,,,,,,,,,,,,,,,,,,,,,,,,,,,,,,,,,,
12/13/2021,128,43.580002,46.735,7.239,12/13/2021,201.25,205.342,2.0334,,,,,,,,,,,,,,,,,,,,,,,,,,,,,,,,,,,,,
12/14/2021,129,44.130001,46.649,5.709,12/14/2021,201.639999,205.437,1.8831,,,,,,,,,,,,,,,,,,,,,,,,,,,,,,,,,,,,,
12/15/2021,130,43.939999,46.564,5.972,12/15/2021,202.550003,205.532,1.4721,,,,,,,,,,,,,,,,,,,,,,,,,,,,,,,,,,,,,
12/16/2021,131,45,46.479,3.286,12/16/2021,206.169998,205.626,0.2637,,,,,,,,,,,,,,,,,,,,,,,,,,,,,,,,,,,,,
12/17/2021,132,43.880001,46.394,5.728,12/17/2021,201.369995,205.721,2.1607,,,,,,,,,,,,,,,,,,,,,,,,,,,,,,,,,,,,,
12/20/2021,133,43.16,46.308,7.295,12/20/2021,195.460007,205.816,5.2982,,,,,,,,,,,,,,,,,,,,,,,,,,,,,,,,,,,,,
12/21/2021,134,44.189999,46.223,4.601,12/21/2021,198.309998,205.910,3.8326,,,,,,,,,,,,,,,,,,,,,,,,,,,,,,,,,,,,,
12/22/2021,135,44.279999,46.138,4.196,12/22/2021,202.149994,206.005,1.9071,,,,,,,,,,,,,,,,,,,,,,,,,,,,,,,,,,,,,
12/23/2021,136,44.419998,46.053,3.675,12/23/2021,206.199997,206.100,0.0486,,,,,,,,,,,,,,,,,,,,,,,,,,,,,,,,,,,,,
12/27/2021,137,44.639999,45.967,2.973,12/27/2021,206.380005,206.195,0.0899,,,,,,,,,,,,,,,,,,,,,,,,,,,,,,,,,,,,,
12/28/2021,138,44.700001,45.882,2.645,12/28/2021,206.619995,206.289,0.1601,,,,,,,,,,,,,,,,,,,,,,,,,,,,,,,,,,,,,
12/29/2021,139,44.630001,45.797,2.614,12/29/2021,207.330002,206.384,0.4563,,,,,,,,,,,,,,,,,,,,,,,,,,,,,,,,,,,,,
12/30/2021,140,44.529999,45.712,2.654,12/30/2021,206.080002,206.479,0.1934,,,,,,,,,,,,,,,,,,,,,,,,,,,,,,,,,,,,,
12/31/2021,141,44.490002,45.626,2.554,12/31/2021,206.740005,206.573,0.0806,,,,,,,,,,,,,,,,,,,,,,,,,,,,,,,,,,,,,
1/3/2022,142,46.18,45.541,1.383,1/3/2022,207,206.668,0.1604,,,,,,,,,,,,,,,,,,,,,,,,,,,,,,,,,,,,,
1/4/2022,143,47.990002,45.456,5.281,1/4/2022,218.080002,206.763,5.1895,,,,,,,,,,,,,,,,,,,,,,,,,,,,,,,,,,,,,
1/5/2022,144,47.18,45.371,3.835,1/5/2022,219.75,206.857,5.8669,,,,,,,,,,,,,,,,,,,,,,,,,,,,,,,,,,,,,
1/6/2022,145,48.130001,45.285,5.910,1/6/2022,221.990005,206.952,6.7741,,,,,,,,,,,,,,,,,,,,,,,,,,,,,,,,,,,,,
1/7/2022,146,49.18,45.200,8.092,1/7/2022,224.190002,207.047,7.6467,,,,,,,,,,,,,,,,,,,,,,,,,,,,,,,,,,,,,
1/10/2022,147,48.93,45.115,7.797,1/10/2022,221.639999,207.142,6.5415,,,,,,,,,,,,,,,,,,,,,,,,,,,,,,,,,,,,,
1/11/2022,148,49.209999,45.030,8.495,1/11/2022,219.949997,207.236,5.7803,,,,,,,,,,,,,,,,,,,,,,,,,,,,,,,,,,,,,
1/12/2022,149,48.860001,44.944,8.014,1/12/2022,222.399994,207.331,6.7757,,,,,,,,,,,,,,,,,,,,,,,,,,,,,,,,,,,,,
1/13/2022,150,48.759998,44.859,8.000,1/13/2022,227,207.426,8.6231,,,,,,,,,,,,,,,,,,,,,,,,,,,,,,,,,,,,,
1/14/2022,151,47.91,44.774,6.546,1/14/2022,228.940002,207.520,9.3560,,,,,,,,,,,,,,,,,,,,,,,,,,,,,,,,,,,,,
1/18/2022,152,46.259998,44.689,3.397,1/18/2022,229.869995,207.615,9.6816,,,,,,,,,,,,,,,,,,,,,,,,,,,,,,,,,,,,,
1/19/2022,153,46.439999,44.603,3.955,1/19/2022,221.660004,207.710,6.2936,,,,,,,,,,,,,,,,,,,,,,,,,,,,,,,,,,,,,
1/20/2022,154,45.75,44.518,2.693,1/20/2022,216.630005,207.804,4.0741,,,,,,,,,,,,,,,,,,,,,,,,,,,,,,,,,,,,,
1/21/2022,155,44.919998,44.433,1.084,1/21/2022,214.089996,207.899,2.8917,,,,,,,,,,,,,,,,,,,,,,,,,,,,,,,,,,,,,
1/24/2022,156,44.549999,44.348,0.454,1/24/2022,214.330002,207.994,2.9563,,,,,,,,,,,,,,,,,,,,,,,,,,,,,,,,,,,,,
1/25/2022,157,45.43,44.262,2.570,1/25/2022,214.309998,208.088,2.9031,,,,,,,,,,,,,,,,,,,,,,,,,,,,,,,,,,,,,
1/26/2022,158,45.900002,44.177,3.753,1/26/2022,214.289993,208.183,2.8498,,,,,,,,,,,,,,,,,,,,,,,,,,,,,,,,,,,,,
1/27/2022,159,45.470001,44.092,3.031,1/27/2022,212.169998,208.278,1.8345,,,,,,,,,,,,,,,,,,,,,,,,,,,,,,,,,,,,,
1/28/2022,160,45.869999,44.007,4.062,1/28/2022,201.160004,208.373,3.5855,,,,,,,,,,,,,,,,,,,,,,,,,,,,,,,,,,,,,
1/31/2022,161,46.139999,43.921,4.808,1/31/2022,201.559998,208.467,3.4269,,,,,,,,,,,,,,,,,,,,,,,,,,,,,,,,,,,,,
2/1/2022,162,46.939999,43.836,6.612,2/1/2022,205.350006,208.562,1.5641,,,,,,,,,,,,,,,,,,,,,,,,,,,,,,,,,,,,,
2/2/2022,163,46.889999,43.751,6.694,2/2/2022,204.940002,208.657,1.8135,,,,,,,,,,,,,,,,,,,,,,,,,,,,,,,,,,,,,
2/3/2022,164,46.43,43.666,5.954,2/3/2022,200.589996,208.751,4.0687,,,,,,,,,,,,,,,,,,,,,,,,,,,,,,,,,,,,,
2/4/2022,165,48.279999,43.580,9.734,2/4/2022,198.410004,208.846,5.2598,,,,,,,,,,,,,,,,,,,,,,,,,,,,,,,,,,,,,
2/7/2022,166,48.509998,43.495,10.338,2/7/2022,199.820007,208.941,4.5645,,,,,,,,,,,,,,,,,,,,,,,,,,,,,,,,,,,,,
2/8/2022,167,49.380001,43.410,12.090,2/8/2022,201.5,209.035,3.7397,,,,,,,,,,,,,,,,,,,,,,,,,,,,,,,,,,,,,
2/9/2022,168,49.279999,43.325,12.085,2/9/2022,203.600006,209.130,2.7162,,,,,,,,,,,,,,,,,,,,,,,,,,,,,,,,,,,,,
2/10/2022,169,49.049999,43.239,11.846,2/10/2022,203.070007,209.225,3.0309,,,,,,,,,,,,,,,,,,,,,,,,,,,,,,,,,,,,,
2/11/2022,170,47.919998,43.154,9.945,2/11/2022,201.240005,209.319,4.0148,,,,,,,,,,,,,,,,,,,,,,,,,,,,,,,,,,,,,
2/14/2022,171,47.419998,43.069,9.175,2/14/2022,199.889999,209.414,4.7647,,,,,,,,,,,,,,,,,,,,,,,,,,,,,,,,,,,,,
2/15/2022,172,47.790001,42.984,10.057,2/15/2022,203.410004,209.509,2.9983,,,,,,,,,,,,,,,,,,,,,,,,,,,,,,,,,,,,,
2/16/2022,173,47.68,42.898,10.028,2/16/2022,203.639999,209.604,2.9285,,,,,,,,,,,,,,,,,,,,,,,,,,,,,,,,,,,,,
2/17/2022,174,46.07,42.813,7.069,2/17/2022,194.740005,209.698,7.6811,,,,,,,,,,,,,,,,,,,,,,,,,,,,,,,,,,,,,
2/18/2022,175,45.959999,42.728,7.032,2/18/2022,191.949997,209.793,9.2956,,,,,,,,,,,,,,,,,,,,,,,,,,,,,,,,,,,,,
2/22/2022,176,45.560001,42.643,6.403,2/22/2022,191.210007,209.888,9.7681,,,,,,,,,,,,,,,,,,,,,,,,,,,,,,,,,,,,,
2/23/2022,177,44.779999,42.558,4.963,2/23/2022,186.669998,209.982,12.4885,,,,,,,,,,,,,,,,,,,,,,,,,,,,,,,,,,,,,
2/24/2022,178,43.599998,42.472,2.587,2/24/2022,184.690002,210.077,13.7458,,,,,,,,,,,,,,,,,,,,,,,,,,,,,,,,,,,,,
2/25/2022,179,45.02,42.387,5.848,2/25/2022,187.059998,210.172,12.3553,,,,,,,,,,,,,,,,,,,,,,,,,,,,,,,,,,,,,
2/28/2022,180,44.200001,42.302,4.295,2/28/2022,187.580002,210.266,12.0943,,,,,,,,,,,,,,,,,,,,,,,,,,,,,,,,,,,,,
3/1/2022,181,42.470001,42.217,0.597,3/1/2022,182.830002,210.361,15.0583,,,,,,,,,,,,,,,,,,,,,,,,,,,,,,,,,,,,,
3/2/2022,182,43.16,42.131,2.384,3/2/2022,192.610001,210.456,9.2653,,,,,,,,,,,,,,,,,,,,,,,,,,,,,,,,,,,,,
3/3/2022,183,42.490002,42.046,1.045,3/3/2022,194.850006,210.551,8.0577,,,,,,,,,,,,,,,,,,,,,,,,,,,,,,,,,,,,,
3/4/2022,184,40.950001,41.961,2.468,3/4/2022,195.660004,210.645,7.6588,,,,,,,,,,,,,,,,,,,,,,,,,,,,,,,,,,,,,
3/7/2022,185,38.34,41.876,9.222,3/7/2022,196.699997,210.740,7.1377,,,,,,,,,,,,,,,,,,,,,,,,,,,,,,,,,,,,,
3/8/2022,186,38.59,41.790,8.293,3/8/2022,210,210.835,0.3974,,,,,,,,,,,,,,,,,,,,,,,,,,,,,,,,,,,,,
3/9/2022,187,41.040001,41.705,1.620,3/9/2022,209.779999,210.929,0.5479,,,,,,,,,,,,,,,,,,,,,,,,,,,,,,,,,,,,,
3/10/2022,188,40.669998,41.620,2.335,3/10/2022,211.789993,211.024,0.3617,,,,,,,,,,,,,,,,,,,,,,,,,,,,,,,,,,,,,
3/11/2022,189,40.330002,41.535,2.987,3/11/2022,214.830002,211.119,1.7276,,,,,,,,,,,,,,,,,,,,,,,,,,,,,,,,,,,,,
3/14/2022,190,41.200001,41.449,0.605,3/14/2022,215.440002,211.213,1.9619,,,,,,,,,,,,,,,,,,,,,,,,,,,,,,,,,,,,,
3/15/2022,191,41.5,41.364,0.328,3/15/2022,216.460007,211.308,2.3801,,,,,,,,,,,,,,,,,,,,,,,,,,,,,,,,,,,,,
3/16/2022,192,42.799999,41.279,3.554,3/16/2022,216.080002,211.403,2.1646,,,,,,,,,,,,,,,,,,,,,,,,,,,,,,,,,,,,,
3/17/2022,193,43.029999,41.194,4.268,3/17/2022,221.699997,211.497,4.6020,,,,,,,,,,,,,,,,,,,,,,,,,,,,,,,,,,,,,
3/18/2022,194,42.900002,41.108,4.176,3/18/2022,220.910004,211.592,4.2179,,,,,,,,,,,,,,,,,,,,,,,,,,,,,,,,,,,,,
3/21/2022,195,42.84,41.023,4.241,3/21/2022,223.710007,211.687,5.3744,,,,,,,,,,,,,,,,,,,,,,,,,,,,,,,,,,,,,
3/22/2022,196,44.18,40.938,7.339,3/22/2022,222.710007,211.782,4.9070,,,,,,,,,,,,,,,,,,,,,,,,,,,,,,,,,,,,,
3/23/2022,197,43.09,40.853,5.192,3/23/2022,222.169998,211.876,4.6333,,,,,,,,,,,,,,,,,,,,,,,,,,,,,,,,,,,,,
3/24/2022,198,43.07,40.767,5.346,3/24/2022,222.210007,211.971,4.6078,,,,,,,,,,,,,,,,,,,,,,,,,,,,,,,,,,,,,
3/25/2022,199,43.73,40.682,6.970,3/25/2022,223.360001,212.066,5.0566,,,,,,,,,,,,,,,,,,,,,,,,,,,,,,,,,,,,,
3/28/2022,200,43.549999,40.597,6.781,3/28/2022,221.850006,212.160,4.3677,,,,,,,,,,,,,,,,,,,,,,,,,,,,,,,,,,,,,
3/29/2022,201,43.439999,40.512,6.741,3/29/2022,221.039993,212.255,3.9744,,,,,,,,,,,,,,,,,,,,,,,,,,,,,,,,,,,,,
3/30/2022,202,43,40.426,5.985,3/30/2022,223.080002,212.350,4.8101,,,,,,,,,,,,,,,,,,,,,,,,,,,,,,,,,,,,,
3/31/2022,203,41.220001,40.341,2.132,3/31/2022,222.820007,212.444,4.6565,,,,,,,,,,,,,,,,,,,,,,,,,,,,,,,,,,,,,
4/1/2022,204,40.900002,40.256,1.575,4/1/2022,219.770004,212.539,3.2902,,,,,,,,,,,,,,,,,,,,,,,,,,,,,,,,,,,,,
4/4/2022,205,40.830002,40.171,1.615,4/4/2022,220.809998,212.634,3.7028,,,,,,,,,,,,,,,,,,,,,,,,,,,,,,,,,,,,,
4/5/2022,206,40.139999,40.085,0.136,4/5/2022,216.020004,212.728,1.5237,,,,,,,,,,,,,,,,,,,,,,,,,,,,,,,,,,,,,
4/6/2022,207,39.700001,40.000,0.756,4/6/2022,216.210007,212.823,1.5664,,,,,,,,,,,,,,,,,,,,,,,,,,,,,,,,,,,,,
4/7/2022,208,39.389999,39.915,1.333,4/7/2022,215.899994,212.918,1.3812,,,,,,,,,,,,,,,,,,,,,,,,,,,,,,,,,,,,,
4/8/2022,209,39.669998,39.830,0.402,4/8/2022,217.029999,213.013,1.8511,,,,,,,,,,,,,,,,,,,,,,,,,,,,,,,,,,,,,
4/11/2022,210,39.59,39.744,0.390,4/11/2022,216.050003,213.107,1.3621,,,,,,,,,,,,,,,,,,,,,,,,,,,,,,,,,,,,,
4/12/2022,211,39.169998,39.659,1.249,4/12/2022,216.699997,213.202,1.6142,,,,,,,,,,,,,,,,,,,,,,,,,,,,,,,,,,,,,
4/13/2022,212,38.82,39.574,1.942,4/13/2022,218.270004,213.297,2.2785,,,,,,,,,,,,,,,,,,,,,,,,,,,,,,,,,,,,,
4/14/2022,213,37.57,39.489,5.107,4/14/2022,227.809998,213.391,6.3292,,,,,,,,,,,,,,,,,,,,,,,,,,,,,,,,,,,,,
4/18/2022,214,38.849998,39.403,1.424,4/18/2022,229.919998,213.486,7.1477,,,,,,,,,,,,,,,,,,,,,,,,,,,,,,,,,,,,,
4/19/2022,215,39.57,39.318,0.636,4/19/2022,232.160004,213.581,8.0028,,,,,,,,,,,,,,,,,,,,,,,,,,,,,,,,,,,,,
4/20/2022,216,39.66,39.233,1.077,4/20/2022,235.080002,213.675,9.1052,,,,,,,,,,,,,,,,,,,,,,,,,,,,,,,,,,,,,
4/21/2022,217,38.91,39.148,0.611,4/21/2022,232.570007,213.770,8.0835,,,,,,,,,,,,,,,,,,,,,,,,,,,,,,,,,,,,,
4/22/2022,218,37.560001,39.062,4.000,4/22/2022,216.300003,213.865,1.1258,,,,,,,,,,,,,,,,,,,,,,,,,,,,,,,,,,,,,
4/25/2022,219,37.290001,38.977,4.524,4/25/2022,216.699997,213.960,1.2646,,,,,,,,,,,,,,,,,,,,,,,,,,,,,,,,,,,,,
4/26/2022,220,36.450001,38.892,6.699,4/26/2022,210.300003,214.054,1.7852,,,,,,,,,,,,,,,,,,,,,,,,,,,,,,,,,,,,,
4/27/2022,221,36.25,38.807,7.053,4/27/2022,213.960007,214.149,0.0883,,,,,,,,,,,,,,,,,,,,,,,,,,,,,,,,,,,,,
4/28/2022,222,36.810001,38.721,5.193,4/28/2022,212.440002,214.244,0.8490,,,,,,,,,,,,,,,,,,,,,,,,,,,,,,,,,,,,,
4/29/2022,223,35.68,38.636,8.285,4/29/2022,210.539993,214.338,1.8041,,,,,,,,,,,,,,,,,,,,,,,,,,,,,,,,,,,,,
5/2/2022,224,36.139999,38.551,6.671,5/2/2022,212.070007,214.433,1.1143,,,,,,,,,,,,,,,,,,,,,,,,,,,,,,,,,,,,,
5/3/2022,225,37.130001,38.466,3.597,5/3/2022,213.619995,214.528,0.4249,,,,,,,,,,,,,,,,,,,,,,,,,,,,,,,,,,,,,
5/4/2022,226,38.619999,38.380,0.620,5/4/2022,222.589996,214.622,3.5795,,,,,,,,,,,,,,,,,,,,,,,,,,,,,,,,,,,,,
5/5/2022,227,37.540001,38.295,2.012,5/5/2022,215.929993,214.717,0.5617,,,,,,,,,,,,,,,,,,,,,,,,,,,,,,,,,,,,,
5/6/2022,228,37.450001,38.210,2.029,5/6/2022,214.649994,214.812,0.0754,,,,,,,,,,,,,,,,,,,,,,,,,,,,,,,,,,,,,
5/9/2022,229,36.369999,38.125,4.825,5/9/2022,206.289993,214.906,4.1769,,,,,,,,,,,,,,,,,,,,,,,,,,,,,,,,,,,,,
5/10/2022,230,35.759998,38.039,6.374,5/10/2022,202.990005,215.001,5.9171,,,,,,,,,,,,,,,,,,,,,,,,,,,,,,,,,,,,,
5/11/2022,231,35.57,37.954,6.703,5/11/2022,205.210007,215.096,4.8174,,,,,,,,,,,,,,,,,,,,,,,,,,,,,,,,,,,,,
5/12/2022,232,35.07,37.869,7.981,5/12/2022,203.029999,215.191,5.9895,,,,,,,,,,,,,,,,,,,,,,,,,,,,,,,,,,,,,
5/13/2022,233,35.169998,37.784,7.432,5/13/2022,204.330002,215.285,5.3616,,,,,,,,,,,,,,,,,,,,,,,,,,,,,,,,,,,,,
5/16/2022,234,34.810001,37.698,8.298,5/16/2022,207.190002,215.380,3.9529,,,,,,,,,,,,,,,,,,,,,,,,,,,,,,,,,,,,,
5/17/2022,235,35.990002,37.613,4.510,5/17/2022,213.089996,215.475,1.1191,,,,,,,,,,,,,,,,,,,,,,,,,,,,,,,,,,,,,
5/18/2022,236,34.880001,37.528,7.592,5/18/2022,207.940002,215.569,3.6690,,,,,,,,,,,,,,,,,,,,,,,,,,,,,,,,,,,,,
5/19/2022,237,34.450001,37.443,8.687,5/19/2022,206.759995,215.664,4.3065,,,,,,,,,,,,,,,,,,,,,,,,,,,,,,,,,,,,,
5/20/2022,238,33.860001,37.358,10.329,5/20/2022,197.820007,215.759,9.0682,,,,,,,,,,,,,,,,,,,,,,,,,,,,,,,,,,,,,
5/23/2022,239,35.869999,37.272,3.909,5/23/2022,204.149994,215.853,5.7328,,,,,,,,,,,,,,,,,,,,,,,,,,,,,,,,,,,,,
5/24/2022,240,35.650002,37.187,4.311,5/24/2022,205.649994,215.948,5.0076,,,,,,,,,,,,,,,,,,,,,,,,,,,,,,,,,,,,,
5/25/2022,241,35.84,37.102,3.521,5/25/2022,209.309998,216.043,3.2167,,,,,,,,,,,,,,,,,,,,,,,,,,,,,,,,,,,,,
5/26/2022,242,36.669998,37.017,0.945,5/26/2022,212.990005,216.138,1.4778,,,,,,,,,,,,,,,,,,,,,,,,,,,,,,,,,,,,,
5/27/2022,243,37.02,36.931,0.240,5/27/2022,217.139999,216.232,0.4181,,,,,,,,,,,,,,,,,,,,,,,,,,,,,,,,,,,,,
5/31/2022,244,37.200001,36.846,0.952,5/31/2022,215.850006,216.327,0.2209,,,,,,,,,,,,,,,,,,,,,,,,,,,,,,,,,,,,,
6/1/2022,245,36.669998,36.761,0.248,6/1/2022,217.570007,216.422,0.5278,,,,,,,,,,,,,,,,,,,,,,,,,,,,,,,,,,,,,
6/2/2022,246,36.700001,36.676,0.067,6/2/2022,220,216.516,1.5835,,,,,,,,,,,,,,,,,,,,,,,,,,,,,,,,,,,,,
6/3/2022,247,36.189999,36.590,1.106,6/3/2022,222.899994,216.611,2.8214,,,,,,,,,,,,,,,,,,,,,,,,,,,,,,,,,,,,,
6/6/2022,248,36.150002,36.505,0.982,6/6/2022,223.630005,216.706,3.0963,,,,,,,,,,,,,,,,,,,,,,,,,,,,,,,,,,,,,
6/7/2022,249,36.349998,36.420,0.192,6/7/2022,227.100006,216.800,4.5353,,,,,,,,,,,,,,,,,,,,,,,,,,,,,,,,,,,,,
6/8/2022,250,35.889999,36.335,1.239,6/8/2022,229.800003,216.895,5.6157,,,,,,,,,,,,,,,,,,,,,,,,,,,,,,,,,,,,,
6/9/2022,251,34.509998,36.249,5.040,6/9/2022,223.669998,216.990,2.9866,,,,,,,,,,,,,,,,,,,,,,,,,,,,,,,,,,,,,
6/10/2022,252,33.169998,36.164,9.026,6/10/2022,215.179993,217.084,0.8851,,,,,,,,,,,,,,,,,,,,,,,,,,,,,,,,,,,,,
6/11/2022,253,25,36.079,44.315,6/11/2022,229.98,217.179,5.5661,,,,,,,,,,,,,,,,,,,,,,,,,,,,,,,,,,,,,
6/12/2022,254,45,35.994,20.014,6/12/2022,210.45,217.274,3.2425,,,,,,,,,,,,,,,,,,,,,,,,,,,,,,,,,,,,,
6/13/2022,255,43.8,35.908,18.018,6/13/2022,119.62,217.369,81.7159,,,,,,,,,,,,,,,,,,,,,,,,,,,,,,,,,,,,,
,,,MAPE,2.803,,,,2.8539,,,,,,,,,,,,,,,,,,,,,,,,,,,,,,,,,,,,,
,,,,,,,,,,,,,,,,,,,,,,,,,,,,,,,,,,,,,,,,,,,,,
,,,,,,,,,,,,,,,,,,,,,,,,,,,,,,,,,,,,,,,,,,,,,
,,,,,,,,,,,,,,,,,,,,,,,,,,,,,,,,,,,,,,,,,,,,,
,,,,,,,,,,,,,,,,,,,,,,,,,,,,,,,,,,,,,,,,,,,,,
,,,,,,,,,,,,,,,,,,,,,,,,,,,,,,,,,,,,,,,,,,,,,
,,,,,,,,,,,,,,,,,,,,,,,,,,,,,,,,,,,,,,,,,,,,,
,,,,,,,,,,,,,,,,,,,,,,,,,,,,,,,,,,,,,,,,,,,,,
,,,,,,,,,,,,,,,,,,,,,,,,,,,,,,,,,,,,,,,,,,,,,
,,,,,,,,,,,,,,,,,,,,,,,,,,,,,,,,,,,,,,,,,,,,,
,,,,,,,,,,,,,,,,,,,,,,,,,,,,,,,,,,,,,,,,,,,,,
,,,Stock,MAPE,,,,,,,,,,,,,,,,,,,,,,,,,,,,,,,,,,,,,,,,,
,,,BAC,2.803,,,,,,,,,,,,,,,,,,,,,,,,,,,,,,,,,,,,,,,,,
,,,CAT,2.854,,,,,,,,,,,,,,,,,,,,,,,,,,,,,,,,,,,,,,,,,
